,comment_id,comment_parent_id,comment_body,comment_link_id
0,iyim5h2,t3_z9ucew,"Leo has spoken.
Chicken rolls cost just as much in Australia.
Perhaps mum or dad could assist ?",t3_z9ucew
1,iyildmx,t3_z9ucew,It's the price of flour,t3_z9ucew
2,iyjvqmh,t3_z9ucew,"It is the cost of electricity doing it to be honest, so they buy them frozen so their supplier price increase gets put on, then to run the chilled lorry's has increased too so that gets tacked on also, they could switch to using fresh chicken and making them themselves but then their freezer is still on because they have to keep the bread frozen.",t3_z9ucew
3,iwb0bda,t3_yus6a0,"No, that chicken fillet roll may not push you over the edge, but everything has increased. So you may not notice it, but someone who lives close to the breadline or even was already below the poverty line will now see this pinch on everything they already couldn't afford. 

People keep saying to shop cheaper, cut down on spending, and be smart with fuel/electricity, but there's already a percentage of Ireland who have been doing that before this crisis. How can they cut down? I'm not saying that this is the only source of burglaries, but when people get squeezed so much that they can't see light at the end of the tunnel, some go down that path.",t3_yus6a0
4,iwb0zl5,t3_yus6a0,"You've misunderstood what they are saying, they are saying that the increase in costs is leading to more crime not that the level of crime has caused higher prices.",t3_yus6a0
5,iwb8cmu,t3_yus6a0,"It certainly has an impact. Inflation and higher costs of living put increased financial pressure on everyone, and that increased pressure will inevitably cause a few folks to resort to criminal activity who might not otherwise have done so, and cause some who already engage in that sort of activity to do it more frequently or try for larger scores. Mary from Athlone probably isn't going to go rob the Maxol because her electric bill is higher, sure, but John from Rathkeale might be finding that the odd ""borrowing"" of tools and scrap from the neighbour's unlocked shed isn't covering the bills anymore and might decide to resort to something a bit riskier but more lucrative as a result.",t3_yus6a0
6,iwbep2k,t3_yus6a0,"Nope they are right. I have worked in several stores since Corona and it has become very clear that the inflation crises was causing a big increase in shoplifting.

Your analysis is shallow. It's not about a chicken fillet roll going up. If inflation is 10% and people therefore have roughly 10% less money then some people are more likely to steal to make up the difference because they can't handle a quality of life drop (especially since quality of life was piss poor to begin with )",t3_yus6a0
7,iwd3qkr,t3_yus6a0,"This is the most privileged post I've seen in a while .

Yes higher cost of living / lack of money means that people that ordinarily wouldn't commit a robbery are being put into positions of having to risk a lot to cover same costs",t3_yus6a0
8,iwfmz8t,t3_yus6a0,Alcohol Minimum unit pricing and increased price of cigarettes have definitely given a rise to criminality.,t3_yus6a0
9,iwb4j4b,t1_iwayqyx,"I understand, but the way it was being presented was funny. I can't wait until the first dodgy solicitor say's his client turned to crime, not cause of his heroin habit..but the cost of living your honour",t3_yus6a0
10,iwb09lp,t1_iwazmvv,"You've gone entirely to the extreme. There's noone out stealing bread for their family. 

The reality unless there's actual evidence of increased rates of theft specifically attributed to cost of living, it's all hearsay.",t3_yus6a0
11,iwb1gxv,t1_iwb18dt,"Statistically, there's likely always going to be at least one example of someone stealing food to feed themselves. This can happen at any time. 
But more specifically, what we are talking about is a direct increase in burglaries in general, as what's being claimed, due to cost of living. And so If someone is making a claim that such acts are on the increase due to the cost of living increase, it's up to them to prove that it's happening. Not up to anyone to prove it's not happening.",t3_yus6a0
12,iwb1vm7,t1_iwb1m9y,"I'm not doubting the poverty can lead to crime. But that's a generality.   

I'm looking for specific evidence that backs up this claim that burglaries have increased here recently due to cost of living.",t3_yus6a0
13,iwb2j23,t1_iwb1vm7,"Honestly I think your failing to see the bigger picture here.

1: It's established poor economic circumstances leads to crime
Source:
https://www.irishtimes.com/news/poor-areas-have-most-defendants-study-finds-1.142504

2: The cost of living situation is a worsening economic situation
Source: common sense

3: Crime is going up
Source: 
https://www.rte.ie/news/crime/2022/0926/1325524-increase-in-crime/#:~:text=Fraud%20offences%20increased%20by%2043,weapons%20and%20explosives%20offences%20decreased.

It doesn't take a mathematician to add 1+1+1=3",t3_yus6a0
14,iwb2jyy,t1_iwb1vm7,"There seems to be a correlation: prices have increased, and reports are out that theft has also increased. Whether there is a causation, it is unknown to me, but one could assume there is at least some.",t3_yus6a0
15,iwb3k58,t1_iwb2j23,"That source of increased rates of crime demonstrates how crime has risen across the board. Not just burglaries. 
From fraud, to banking, to sexual offences and theft. 
All of that suggests that there are wider issues at play and attributing these to cost of living cannot be made. Correlation and causation are two very important factors here.",t3_yus6a0
16,iscn024,t3_y47quq,"â‚¬4, local centra. I usually get butter, mayo, lettuce, cheese and southern fried chicken fillet.",t3_y47quq
17,ise27hp,t3_y47quq,"I got one a while back, it was 5.25 for a SMALL chicken roll with no cheese or salad!!! Just 3 goujons, I  was robbed and I am still not over itðŸ¤£",t3_y47quq
18,iscrkah,t1_isco6v2,Makes the price that much worse when you get a scaldy deli worker who puts barely any of the fillings u want in the roll,t3_y47quq
19,ip1d6km,t3_xhrv7m,"Breakfast: Porridge and raisins (neither go off so they're really handy to have). 


Tesco oats - 79c (25 servings)

Tesco Raisins - 1.49 (46 servings)

Milk - 2.09 (19 servings)

Total cost: 17 cent per bowl. 

[Disclosure: I personally buy the flahavans ones because they're Irish and organic but they're a bit more expensive]


***

Lunch: Make soup in the slow cooker (7 servings)


Carrots 500g - 55c

Potatoes - 600g - 65c

Celery - 225g - 40c

Leeks X 3 - 1.29 

Courgette x1 (grated) - 50c

Tesco Stock cubes x 2- 8c


Total cost: 50c per serving

[Disclosure: I buy fancier stock cubes like Bouillon or Kallo]

Can also add red lentils to the above for so cheap to add bulk and protein.

***


Dinner: Red Lentil Chilli (also done in slow cooker) 8 servings

Courgette x1 grated: 50c 

Bell Pepper X 2: 1.06

Onion x 1: 30c

Carrot 200g: 21c.

Tesco Stock cubes x 2: 8c

Red Lentils 800g: 1.36c

1 tin chopped tomatoes: 35c

2 tin kidney beans: 46c

Total Cost: 54c per serving + rice which is dirt cheap.

***

3 square meals (I think the macros are also close to perfect) for less than 1.50 a day",t3_xhrv7m
20,ip1hl1b,t3_xhrv7m,"I've started buying whole chickens and butchering them down myself. (got the hang of it after 2/3 chickens)

I used to only buy chicken breast and the savings in chicken breast alone are mad. 

700g of chicken breast costs about â‚¬7 in Dunnes but a whole chicken costs â‚¬5.50 from my experience the 2 chicken breast from a large chicken weighs about 700g. So I'm saving 1.50 and have things, drumstick and wings left. I also use the carcass to make chicken stock with veg scraps. 

This in itself is saving me about 50 euro a month.",t3_xhrv7m
21,ip30m52,t3_xhrv7m,"I meal prep like mad, a good chilli con carne, lasange or bolinaise cost me less than a Euro a dinner. Simple cereal and toasted cheese sandwiches are my main breaky and lunch.",t3_xhrv7m
22,iozdutt,t3_xhrv7m,"OP given you do some of your shop in Dunnes here is a neat trick to get 33% off your grocery bill.

1. Dowload the Dunnes app and using a temporary email address sign up. Note do not use your phone number for the verification process, you need to get the code from the inbox of your temporary email address
2. Enter the code and complete sign up. New customers of the app get a 10 euro off 30 euro voucher within about 20 minutes of signing up
3. Repeat this process as much as you can till the idiots in head office one day cop it and close off the loophole that allows customers of Dunnes to get 33% off. Ensure you only spend slightly over 30 euro each time so you are getting the max potential discount. This way you are getting 30 euros worth of food for 20 euro. Match that with their meat sales when they have 25% off and you are saving a nice wad of money. 

Other than that it sounds like you are doing everything you can. In general when it comes to trying to reduce costs look at things like your car insurance or other larger bills like phone, broadband, tv. There is always a way to reduce them and it will save you a lot more money than cutting back on food would.

If you have done all that and are still really stuck check out on app caled Olio. Tesco give them lots of food that is near its use by date and it is then distributed in local communities, use the app to find out who local to you is distributing or organising pick ups.",t3_xhrv7m
23,iozbvwk,t3_xhrv7m,"What do you spent on takeaways?

If you shop for thirty euro a week, then spend 20 quid for two meals, that's shitty planing, as that's lowest cost to get anything from takeaway, so you sponge all week then spend 70% on one off meal like.

Plan better, buy recipe books and make stuff that you like to eat.

Stuff like coffee you don't need to cut it out, buy travel mug and make as much as you want at home to go",t3_xhrv7m
24,ip1n5ct,t1_iozbvwk,"Not really. And it's not every week either it's usually.  I could be spending a lot more by buying lunches or buying coffee anytime I'm in work. 

If I was sponging I'd just be eating the bare minimum but I'm not in that position, I'm able to make nutritious means every week for a low cost for 2 people and be able to afford a takeaway once a week.",t3_xhrv7m
25,inhp1zt,t3_x858hf,"Lidl and ALDI are keeping the prices down in Ireland, if they weren't here, it's pretty much guaranteed we would be paying 30% more for most items.",t3_x858hf
26,ing9kme,t3_x858hf,Nothing better than stuffing a couple of chicken balls in your gob.,t3_x858hf
27,inhb8ig,t3_x858hf,Thatâ€™s amazing value! This would cost me $80+ in the US.,t3_x858hf
28,ini9s9t,t3_x858hf,"How good are the chicken balls compared to a take away?

Are they cooked in the oven or deep fried?",t3_x858hf
29,ini9zyy,t1_inhp1zt,They deserve a lot of credit tbf a lot of good quality product at decent prices,t3_x858hf
30,ingabxn,t1_ing9kme,They're really nice and way better value than the shredded chicken,t3_x858hf
31,ingo4cf,t1_ingabxn,Noted. I dont think aldi do chicken balls though?,t3_x858hf
32,inhmjvm,t1_inhiiyb,"I actually way underestimated the price. I added all of these items to an online shopping cart for my local supermarket. They didnâ€™t have the seafood mix and we donâ€™t have chicken balls here so I left them off. Even without both of those this shopping list came to $104. 

To give you an example of the difference - 

Onions in lidl- 59c 

Onions in local supermarket - 4.09 

Bacon in lidl- 1.59

Bacon in local supermarket - 8.89 

Toilet roll in lidl - 2.99 

Toilet roll in local supermarket - 10.39 

I also picked all of the cheapest options available.",t3_x858hf
33,inhnusp,t1_inhiiyb,"Food prices are out of this world.   I've had to seriously change my habits and I'm still getting caught out in embarrassing ways all the time. (Having to take stuff out once I'm rung up because I've miscounted again.  The other day, I had to have the deli man take 2 slices of cheese out of my package because he gave me 1/3 instead of the 1/4 that I asked for.  It wasn't much but I would have had to put back the bread I was buying to put the cheese on.  He was not nice about it either - scowling, shaking his head, arguing.   I walked away in tears.)

Butter has become a luxury item.   I saw a regular old brand, nothing special, going for $10 a pound last week!   Last year I was buying Irish butter.  This year I can only afford the generic store brand when it's on a super special sale.",t3_x858hf
34,inhobd2,t1_inhnusp,"What State are you in? That sounds really bad, if it's any consolation to you, prices in the UK are in a dire way too, they inflation. Is running over 20%",t3_x858hf
35,htmf82m,t3_s9ftsx,9.75 for a single chicken fillet roll??? Where on earth was she shopping? Even with general price rises that I've noticed I've not seen something THAT dramatic. Shocking numbers there.,t3_s9ftsx
36,htmgcui,t3_s9ftsx,">The fucker cost â‚¬9.75 


Notions.",t3_s9ftsx
37,htmjl0x,t3_s9ftsx,Are you sure it wasn't a luxury chicken roll you got? I hear they are all the rage,t3_s9ftsx
38,htnl0dj,t3_s9ftsx,"To be fair to Weimar, its hyper-inflation was a deliberate strategy done as a Govt. policy to wipe out reparations debt; while it's remembered popularly as a dark time, in general wages kept pace with rising prices.",t3_s9ftsx
39,htmfi8y,t1_htmf82m,Must have been an organic chicken fillet roll.,t3_s9ftsx
40,htmg7x1,t1_htmfi8y,I'm fine with paying a tenner for chicken rolls if it means fewer farmers,t3_s9ftsx
41,htmsqxo,t1_htmikzx,I eat there regularly and it doesn't cost that. Have you got the receipt? I'd say you were mischarged. It's more expensive than a deli but that's cos it's a sit down cafe but it's still not a tenner.,t3_s9ftsx
42,htq4ime,t1_htmikzx,Itâ€™s not even Southside chicken?,t3_s9ftsx
43,hqpvsxi,t3_rsx04s,What fags are 30% cheaper in the north? They were pretty much the same price as here last time I bought them,t3_rsx04s
44,hqq56dj,t1_hqpuu65,"The increase in alcohol prices is going straight to the retailers' bottom line, the VAT the government collects will not change",t3_rsx04s
45,h3xada3,t3_ocwsye,The value of multiple chicken fillet rolls lmfao this country cannot be real,t3_ocwsye
46,h3ww0ql,t3_ocwsye,"A single chicken fillet roll? Just ban them from the shop, that's ridiculous.",t3_ocwsye
47,h3x6xg1,t1_h3wzxzw,"Just finished up a week of jury duty and another simple case of theft from 2018. The courts system is crap, it's so unbelievably slow and inefficient and it costs the taxpayer a bomb.",t3_ocwsye
48,geotuml,t3_k75ce3,"MyFitnessPal estimates a chicken ball to be 145 calories. Seeing as they're basically chicken fried in batter, that wouldn't surprise me.

8 chicken balls = 1160.
A large serving of chips is easily 700-900.

Add on the curry and everything else and you're definitely heading towards 2000+",t3_k75ce3
49,geoty7b,t1_geotjdb,"If it's a big dirty chinese, the 7 or 8 chicken balls alone will come close to 1200.",t3_k75ce3
50,elcgd80,t3_bfbwnz,"White roll, scoop out bread centre (stay with me), butter,  spicy chicken fillet, cheese, taco sauce and then toasted. The finished roll is mad crispy. The cheese/ taco sauce combo together is a winner. Not to everyoneâ€™s taste but if youâ€™re putting together this type of masterpiece in the likes of a high end Daybreak youâ€™ll be satisfied for days.",t3_bfbwnz
51,elci4hp,t3_bfbwnz,"Hungover order - white roll, spicy chicken, butter, cheese, taco sauce and stuffing.

Sober order - brown roll, spicy chicken, lettuce, mayo and red onion.

Drunk is a half way between the two",t3_bfbwnz
52,elcler0,t3_bfbwnz,"A wrap, garlic mayo, cheese, tomato, red onion, and cold plain chicken from the deli. Toasted, or at least microwaved.",t3_bfbwnz
53,elcztdv,t3_bfbwnz,"No butter or sauces. Spicy chicken, lettuce, onion and mixed peppers. Last time I had one close to a year ago it was â‚¬4.50",t3_bfbwnz
54,eldgxg0,t3_bfbwnz,"wrap, bit of coleslaw, mixed peppers, diced hard boiled egg, spicy chicken fillet. around 4 euro.",t3_bfbwnz
55,eldpop8,t3_bfbwnz,"* Whatever sort of bread/wrap I'm fancying at that point of time
* Mayonnaise
* Spicy chicken
* Grated cheese
* Shredded lettuce
* Sweetcorn
* If I feel like it, some mixed peppers or spring onion

Generally â‚¬4, although depending on the twat serving me I might get charged for an extra one or two salad ingredients.",t3_bfbwnz
56,elecb5u,t3_bfbwnz,"White roll, spicy chicken, booter, cheese, taco sauce, lettuce and sometimes stuffing. Packet of salt and vinegar oven baked crisps, a boost bar and a can of mango loco monster to wash it all down. I probably only have this once every 3 months when Iâ€™m desperately hungover. No idea what price.",t3_bfbwnz
57,eleuakc,t3_bfbwnz,"White roll, onion, lettuce, taco sauce, spicy (or S/F) chicken and then cheese, in that specific order. If Iâ€™m feeling flush Iâ€™ll get two rashers on it as well, but only if their well done/crispy and Iâ€™m getting it myself as I donâ€™t trust anyone elseâ€™s opinion on bacon. 
â‚¬3.50, or â‚¬4.20/â‚¬4.70 depending on whoâ€™s serving.",t3_bfbwnz
58,eldavvl,t3_bfbwnz,Fuck your chicken fillet rolls everyone should be a vegan like me. MURDERS the whole lot of ye! Pathetic!,t3_bfbwnz
59,elcgfwg,t1_elcgd80,Who even gets *plain* chicken unless it's left?,t3_bfbwnz
60,elcihfm,t1_elcgd80,"White roll, mayo, potato salad, lettuce, red onion, spicy chicken fillet, sweet chili sauce and a sprinkle of cheese ðŸ˜‹ can of Coke and bag of salt and vinegar Tayto on the side ðŸ‘ŒðŸ»",t3_bfbwnz
61,elcjib7,t1_elcjfkt,I don't think I've ever heard of a roll cost more than 4.80 and I was raging when I heard that,t3_bfbwnz
62,elcjl0c,t1_elcjib7,Well there you are now you've heard of a place that charges over a fiver.  It is a petrol station too mind so prices will naturally be higher.,t3_bfbwnz
63,el1p0ds,t3_bdx7w2,"Hold onto hope, I've found a few who do up in Leeds.

Try to get a burger and chips (not fries) from the same place and you're shit out of luck though or a chicken fillet roll, they're all soft roll freaks over hear! Da fuck is a bread cake?",t3_bdx7w2
64,el1x8rn,t3_bdx7w2,"4 in 1 - Chips , fried rice , Curry sauce and a Surprise - could be a few chicken balls could be a few wings have got spring rolls too . 

A great late nite munch .",t3_bdx7w2
65,el30ilq,t3_bdx7w2,What are their chicken fillet rolls like?,t3_bdx7w2
66,el1eypn,t1_el1eurl,"Basically salt & chili chicken, chips and veg.",t3_bdx7w2
67,el1ld7i,t1_el1i1wi,Half and half is chicken curry with chips and rice. This is a 4 in 1 essentially. Sad to say . Still no luck with a 3 in 1.,t3_bdx7w2
68,el1ocyq,t1_el1ld7i,"Half and half , hold the chicken?",t3_bdx7w2
69,el1pt28,t1_el1ocyq,"Attempted  this and was given a fat ""no can do"" I'm assuming the chicken curry comes pre made",t3_bdx7w2
70,el393ez,t1_el36n5e,You get everything you get in a 3 in 1 and chicken. 3 in 1 is just all carbs too,t3_bdx7w2
71,eaejwgk,t3_a040zo,If you live in Cork you can get 10 chicken fillets for 11 euro in the English Market. ,t3_a040zo
72,eaeyxdi,t3_a040zo,"With several work outs a week, you need to diversify your protein to cut costs. Tapping up expensive lean proteins everytime is gonna rack up the costs. Protein powders obviously, but stuff like quorn is often on offer at much cheaper per kilo than chicken breast and some of their products have very similar macros to chicken breast. Plus diversifying your diet has overarching benefits in terms of your micros, not just saving money. ",t3_a040zo
73,eaelehk,t3_a040zo,"Buy the whole chicken and use every part , the legs are full of goodness and meat is sweeter. This may sound like one of chef friends but everyone should be able to take apart the full bird and cook it whatever your budget. Buying the full chicken means you can save money. Good place on Meath street , it's butchers, think they still do good deal on full chickens. ",t3_a040zo
74,eaedqxs,t3_a040zo,You go through 3 chicken breasts per day???,t3_a040zo
75,eaf38qp,t3_a040zo,"You can get a full free-range chicken for less than a fiver in Tesco. 

Also, remember...very cheap meat will be from sad animals. Not everyone cares, but I think it's important to keep mind.",t3_a040zo
76,eaf1pxw,t3_a040zo,My local butcher does 10 chicken fillets for â‚¬10 and I've seen a few others around town with the same offer.,t3_a040zo
77,eaf4xgs,t3_a040zo,"Find someone who works in a kitchen and see can you buy some chicken wholesale. If not look up butchers who sell in bulk,have special offers, etc",t3_a040zo
78,eaf5h2g,t3_a040zo,"Supermarket. In Dunnes you can get any 3 of 5 or six meat/chicken/fish items for 10 Eu. Large chicken for 6 Eu will give you 5 big portions. Generally the less prepared the item the better the value. Chicken breasts off the bone are not good value, get whole chicken and larger the better. Eggs are very cheap also. 18 for 3 Eu, that's 9 standard portions of protein for 3eu. Tinned sardines .35cent in tesco, high quality protein also",t3_a040zo
79,eafvcwb,t1_eaee6jt,â‚¬4 for 3 large chicken fillets in Aldi.,t3_a040zo
80,eaexgg7,t1_eaehyun,If you're shovelling that much chicken down your neck you at least want it to be palatable and not dried out frozen shite.,t3_a040zo
81,eagly4n,t1_eag8m8g,"OP is looking to save money, i suggested to buy in bulk, if doing that you'd have to freeze it unless you plan on eating 30 chicken fillets in a sitting. So now tell me another way OP would save money rather than the utter nonsense you've put up so far?",t3_a040zo
82,eagodbt,t1_eagly4n,">rather than the utter nonsense you've put up so far?

Are you saying freezing chicken (especially home freezing) has no effect on the quality? ",t3_a040zo
83,eagp0oc,t1_eagoogq,"My suggestion was not to freeze chicken as it ruins it, can't be more helpful than that. Sorry if that made you butthurt.",t3_a040zo
84,dugq57d,t3_7yhkdn,I'd have a go. That's 3 hot chicken rolls with lettuce and no drink but fuckit I'd chance it. ,t3_7yhkdn
85,duh1p3u,t1_dugq57d,All they have to do is slightly overcook the bread or salt the chicken and they have made themselves â‚¬20.,t3_7yhkdn
86,d2ahpkz,t3_4fo6gj,"I can't say much about chicken, but Irish farming is very different from American farming. Animals raised for beef are not kept in the factory farm style conditions that you see in the US. For Irish farmers the aim is to keep their cows grazing on pasture as much as possible, as this is the most cost effective method of raising beef in this country.",t3_4fo6gj
87,d2ax65l,t3_4fo6gj,"Like most farms in the EU. Irish farms are quite small. I think they are on around 33 hectares, although they are still bigger than the EU most EU farms (69% of EU farms are 5 hectares or less). 

Most Irish farmers are really passionate about their farms and their animals welfare. I know plenty of farmers who spent far more time with their farm animals than their children. Irish farms tend to be owned and run by the same man. Unless it is a massive farm, there is usually no help on the farm

AFAIK Kerrygold claims the cows used to make their milk are fed 89% grass, which is a huge amount. Irish beef and dairy isnt too bad on the environment, as the cars are mainly grass fed. 

Most Irish Dairy produce is sold to Co-ops, so the farmers tend to get a decent price for their produce. Unfortunately most meet is sold to a handful of beef processors, who only care about their bottomline. Dairy was generally seen as more profitable than beef for a while. 

Chicken production isnt great in Ireland. A handful of producers on the border of NI/ROI run chicken farms. The welfare of pigs isnt much better. Only really cows are well looked after in Ireland. 

Ireland is also a massive producer and exporter of Mushrooms, Duck (Silverhill), seed potatoes and lamb. Most go to the UK",t3_4fo6gj
88,d2awzo5,t3_4fo6gj,"I'm pretty sure non free range chicken is the same the world over and should be avoided at all costs. 

As others have said though our grass based beef system is one of the best/humaine in the world.",t3_4fo6gj
